State,Abbreviation,Year,Annual_Change_HPI,HPI,Income,Pop_density,Drop_05_08,Hachman_Score,Recovery_swings,Income_level,Density_level
Alabama,AL,2009,-2.3,365.94,40933,94.4,-5.8100000000000005,89.5,-2.3,Low_I,Mid_D
Alabama,AL,2010,-4.3,350.19,42590,94.4,-5.8100000000000005,89.5,-4.3,Low_I,Mid_D
Alabama,AL,2011,-3.41,338.24,43464,94.4,-5.8100000000000005,89.5,-3.41,Low_I,Mid_D
Alabama,AL,2012,-1.52,333.11,41381,94.4,-5.8100000000000005,89.5,-1.52,Low_I,Mid_D
Alabama,AL,2013,-0.58,331.18,47320,94.4,-5.8100000000000005,89.5,-0.58,Mid_I,Mid_D
Alabama,AL,2014,1.4,335.83,42278,94.4,-5.8100000000000005,89.5,1.4,Low_I,Mid_D
Alabama,AL,2015,2.2,343.23,44509,94.4,-5.8100000000000005,89.5,2.2,Low_I,Mid_D
Alabama,AL,2016,2.64,352.3,47221,94.4,-5.8100000000000005,89.5,2.64,Low_I,Mid_D
Alaska,AK,2009,-1.22,413.8,57848,1.2,-12.9,33.8,-1.22,High_I,Low_D
Alaska,AK,2010,-0.47,411.86,57431,1.2,-12.9,33.8,-0.47,High_I,Low_D
Alaska,AK,2011,0.48,413.82,63648,1.2,-12.9,33.8,0.48,High_I,Low_D
Alaska,AK,2012,0.18,414.58,61137,1.2,-12.9,33.8,0.18,High_I,Low_D
Alaska,AK,2013,2.71,425.82,72472,1.2,-12.9,33.8,2.71,High_I,Low_D
Alaska,AK,2014,2.47,436.34,67629,1.2,-12.9,33.8,2.47,High_I,Low_D
Alaska,AK,2015,3.17,450.15,75112,1.2,-12.9,33.8,3.17,High_I,Low_D
Alaska,AK,2016,1.83,458.39,75723,1.2,-12.9,33.8,1.83,High_I,Low_D
Arizona,AZ,2009,-18.55,477.62,46896,56.3,-42.14,96,-18.55,Mid_I,Mid_D
Arizona,AZ,2010,-13.11,415.02,48621,56.3,-42.14,96,-13.11,Mid_I,Mid_D
Arizona,AZ,2011,-10.15,372.88,47044,56.3,-42.14,96,-10.15,Mid_I,Mid_D
Arizona,AZ,2012,4.28,388.84,50602,56.3,-42.14,96,4.28,Mid_I,Mid_D
Arizona,AZ,2013,11.84,434.87,52611,56.3,-42.14,96,11.84,Mid_I,Mid_D
Arizona,AZ,2014,10.09,478.74,49254,56.3,-42.14,96,10.09,Mid_I,Mid_D
Arizona,AZ,2015,5.55,505.33,52248,56.3,-42.14,96,5.55,Mid_I,Mid_D
Arizona,AZ,2016,7.01,540.75,57100,56.3,-42.14,96,7.01,Mid_I,Mid_D
Arkansas,AR,2009,-2.02,364.4,38587,56,-7.5,86.6,-2.02,Low_I,Mid_D
Arkansas,AR,2010,-2.85,354.03,41302,56,-7.5,86.6,-2.85,Low_I,Mid_D
Arkansas,AR,2011,-1.72,347.94,39018,56,-7.5,86.6,-1.72,Low_I,Mid_D
Arkansas,AR,2012,-0.12,347.54,39919,56,-7.5,86.6,-0.12,Low_I,Mid_D
Arkansas,AR,2013,1.19,351.67,39376,56,-7.5,86.6,1.19,Low_I,Mid_D
Arkansas,AR,2014,1.43,356.7,44922,56,-7.5,86.6,1.43,Low_I,Mid_D
Arkansas,AR,2015,2.29,364.88,42798,56,-7.5,86.6,2.29,Low_I,Mid_D
Arkansas,AR,2016,2.37,373.54,45907,56,-7.5,86.6,2.37,Low_I,Mid_D
California,CA,2009,-15.04,812.2,54283,239.1,-44.019999999999996,92.8,-15.04,Mid_I,High_D
California,CA,2010,-3.19,786.29,53367,239.1,-44.019999999999996,92.8,-3.19,Mid_I,High_D
California,CA,2011,-5.66,741.79,57020,239.1,-44.019999999999996,92.8,-5.66,Mid_I,High_D
California,CA,2012,-0.13,740.79,57528,239.1,-44.019999999999996,92.8,-0.13,Mid_I,High_D
California,CA,2013,10.42,817.97,60794,239.1,-44.019999999999996,92.8,10.42,Mid_I,High_D
California,CA,2014,13.8,930.87,60487,239.1,-44.019999999999996,92.8,13.8,Mid_I,High_D
California,CA,2015,5.76,984.45,63636,239.1,-44.019999999999996,92.8,5.76,High_I,High_D
California,CA,2016,7.8,1061.27,66637,239.1,-44.019999999999996,92.8,7.8,High_I,High_D
Colorado,CO,2009,-1.64,575.7,60233,48.5,-6.050000000000001,93.2,-1.64,High_I,Mid_D
Colorado,CO,2010,-4.09,552.14,58629,48.5,-6.050000000000001,93.2,-4.09,High_I,Mid_D
Colorado,CO,2011,-3.13,534.87,57255,48.5,-6.050000000000001,93.2,-3.13,High_I,Mid_D
Colorado,CO,2012,0.74,538.81,63371,48.5,-6.050000000000001,93.2,0.74,High_I,Mid_D
Colorado,CO,2013,5.32,567.47,67912,48.5,-6.050000000000001,93.2,5.32,High_I,Mid_D
Colorado,CO,2014,9.13,619.27,60940,48.5,-6.050000000000001,93.2,9.13,High_I,Mid_D
Colorado,CO,2015,9.42,677.59,66596,48.5,-6.050000000000001,93.2,9.42,High_I,Mid_D
Colorado,CO,2016,10.29,747.34,70566,48.5,-6.050000000000001,93.2,10.29,High_I,Mid_D
Connecticut,CT,2009,-7.15,607.59,65998,738.1,-15.969999999999999,90,-7.15,High_I,High_D
Connecticut,CT,2010,-4.04,583.05,65415,738.1,-15.969999999999999,90,-4.04,High_I,High_D
Connecticut,CT,2011,-3.59,562.14,64247,738.1,-15.969999999999999,90,-3.59,High_I,High_D
Connecticut,CT,2012,-2.96,545.48,67781,738.1,-15.969999999999999,90,-2.96,High_I,High_D
Connecticut,CT,2013,-0.76,541.35,69291,738.1,-15.969999999999999,90,-0.76,High_I,High_D
Connecticut,CT,2014,0.02,541.44,70161,738.1,-15.969999999999999,90,0.02,High_I,High_D
Connecticut,CT,2015,1.34,548.7,72889,738.1,-15.969999999999999,90,1.34,High_I,High_D
Connecticut,CT,2016,0.12,549.37,75923,738.1,-15.969999999999999,90,0.12,High_I,High_D
Delaware,DE,2009,-6.6,527.5,55214,460.8,-18.77,56,-6.6,Mid_I,High_D
Delaware,DE,2010,-4.72,502.61,54660,460.8,-18.77,56,-4.72,Mid_I,High_D
Delaware,DE,2011,-5.52,474.84,48972,460.8,-18.77,56,-5.52,Mid_I,High_D
Delaware,DE,2012,-2.93,460.93,52219,460.8,-18.77,56,-2.93,Mid_I,High_D
Delaware,DE,2013,0.81,464.67,54091,460.8,-18.77,56,0.81,Mid_I,High_D
Delaware,DE,2014,2.37,475.69,57522,460.8,-18.77,56,2.37,Mid_I,High_D
Delaware,DE,2015,2.39,487.05,57756,460.8,-18.77,56,2.39,Mid_I,High_D
Delaware,DE,2016,1.93,496.44,58046,460.8,-18.77,56,1.93,Mid_I,High_D
District of Columbia,DC,2009,-5.22,929.55,56928,9856.5,-27.720000000000002,48.9,-5.22,High_I,High_D
District of Columbia,DC,2010,0.1,930.45,55251,9856.5,-27.720000000000002,48.9,0.1,Mid_I,High_D
District of Columbia,DC,2011,0.97,939.46,65246,9856.5,-27.720000000000002,48.9,0.97,High_I,High_D
District of Columbia,DC,2012,3.07,968.32,60675,9856.5,-27.720000000000002,48.9,3.07,High_I,High_D
District of Columbia,DC,2013,6.78,1033.96,60057,9856.5,-27.720000000000002,48.9,6.78,Mid_I,High_D
District of Columbia,DC,2014,8.95,1126.55,68277,9856.5,-27.720000000000002,48.9,8.95,High_I,High_D
District of Columbia,DC,2015,5.93,1193.4,70071,9856.5,-27.720000000000002,48.9,5.93,High_I,High_D
District of Columbia,DC,2016,6.54,1271.42,70982,9856.5,-27.720000000000002,48.9,6.54,High_I,High_D
Florida,FL,2009,-17.69,411.22,44066,350.6,-40.03,92,-17.69,Low_I,High_D
Florida,FL,2010,-9.69,371.38,45105,350.6,-40.03,92,-9.69,Low_I,High_D
Florida,FL,2011,-6.88,345.84,46071,350.6,-40.03,92,-6.88,Low_I,High_D
Florida,FL,2012,-0.96,342.53,47886,350.6,-40.03,92,-0.96,Mid_I,High_D
Florida,FL,2013,7.41,367.9,48532,350.6,-40.03,92,7.41,Mid_I,High_D
Florida,FL,2014,10.46,406.39,46140,350.6,-40.03,92,10.46,Low_I,High_D
Florida,FL,2015,8.77,442.02,48825,350.6,-40.03,92,8.77,Low_I,High_D
Florida,FL,2016,9.13,482.38,51176,350.6,-40.03,92,9.13,Low_I,High_D
Georgia,GA,2009,-4.98,372.82,44117,168.4,-7.33,95.9,-4.98,Low_I,Mid_D
Georgia,GA,2010,-8.27,341.98,45973,168.4,-7.33,95.9,-8.27,Mid_I,Mid_D
Georgia,GA,2011,-7.39,316.7,48121,168.4,-7.33,95.9,-7.39,Mid_I,Mid_D
Georgia,GA,2012,-5,300.86,47439,168.4,-7.33,95.9,-5,Mid_I,Mid_D
Georgia,GA,2013,3.74,312.1,46992,168.4,-7.33,95.9,3.74,Low_I,Mid_D
Georgia,GA,2014,7.64,335.95,49555,168.4,-7.33,95.9,7.64,Mid_I,Mid_D
Georgia,GA,2015,5.69,355.06,50768,168.4,-7.33,95.9,5.69,Low_I,Mid_D
Georgia,GA,2016,5.98,376.29,53527,168.4,-7.33,95.9,5.98,Low_I,Mid_D
Hawaii,HI,2009,-10.04,656.36,59539,211.8,-28.57,72.2,-10.04,High_I,Mid_D
Hawaii,HI,2010,-4.11,629.36,59047,211.8,-28.57,72.2,-4.11,High_I,Mid_D
Hawaii,HI,2011,-1.78,618.18,56263,211.8,-28.57,72.2,-1.78,Mid_I,Mid_D
Hawaii,HI,2012,0.83,623.32,61408,211.8,-28.57,72.2,0.83,High_I,Mid_D
Hawaii,HI,2013,4.53,651.59,64235,211.8,-28.57,72.2,4.53,High_I,Mid_D
Hawaii,HI,2014,7.73,701.99,71223,211.8,-28.57,72.2,7.73,High_I,Mid_D
Hawaii,HI,2015,5.48,740.45,64514,211.8,-28.57,72.2,5.48,High_I,Mid_D
Hawaii,HI,2016,6.56,789,72133,211.8,-28.57,72.2,6.56,High_I,Mid_D
Idaho,ID,2009,-7.35,458.52,47050,19,-17.08,82.3,-7.35,Mid_I,Low_D
Idaho,ID,2010,-10.54,410.2,47459,19,-17.08,82.3,-10.54,Mid_I,Low_D
Idaho,ID,2011,-8.35,375.95,47922,19,-17.08,82.3,-8.35,Mid_I,Low_D
Idaho,ID,2012,0.18,376.64,51767,19,-17.08,82.3,0.18,Mid_I,Low_D
Idaho,ID,2013,5.09,395.81,48467,19,-17.08,82.3,5.09,Mid_I,Low_D
Idaho,ID,2014,6.8,422.74,53438,19,-17.08,82.3,6.8,Mid_I,Low_D
Idaho,ID,2015,5.9,447.67,51624,19,-17.08,82.3,5.9,Mid_I,Low_D
Idaho,ID,2016,7.09,479.4,56564,19,-17.08,82.3,7.09,Mid_I,Low_D
Illinois,IL,2009,-8.24,455.79,50728,231.1,-12.01,95.5,-8.24,Mid_I,High_D
Illinois,IL,2010,-6.31,427.01,50637,231.1,-12.01,95.5,-6.31,Mid_I,High_D
Illinois,IL,2011,-5.21,404.76,51738,231.1,-12.01,95.5,-5.21,Mid_I,High_D
Illinois,IL,2012,-2.77,393.54,57196,231.1,-12.01,95.5,-2.77,Mid_I,High_D
Illinois,IL,2013,0.21,394.38,53937,231.1,-12.01,95.5,0.21,Mid_I,High_D
Illinois,IL,2014,3.75,409.19,54916,231.1,-12.01,95.5,3.75,Mid_I,High_D
Illinois,IL,2015,2.88,420.97,60413,231.1,-12.01,95.5,2.88,Mid_I,High_D
Illinois,IL,2016,2.82,432.84,61386,231.1,-12.01,95.5,2.82,Mid_I,High_D
Indiana,IN,2009,-2.19,366.71,46139,181,-4.11,76.5,-2.19,Mid_I,Mid_D
Indiana,IN,2010,-2.45,357.72,44445,181,-4.11,76.5,-2.45,Low_I,Mid_D
Indiana,IN,2011,-1.84,351.16,46158,181,-4.11,76.5,-1.84,Mid_I,Mid_D
Indiana,IN,2012,-0.58,349.11,50553,181,-4.11,76.5,-0.58,Mid_I,Mid_D
Indiana,IN,2013,1,352.61,49455,181,-4.11,76.5,1,Mid_I,Mid_D
Indiana,IN,2014,2.39,361.02,48060,181,-4.11,76.5,2.39,Low_I,Mid_D
Indiana,IN,2015,3.23,372.67,51983,181,-4.11,76.5,3.23,Mid_I,Mid_D
Indiana,IN,2016,3.49,385.67,56094,181,-4.11,76.5,3.49,Mid_I,Mid_D
Iowa,IA,2009,-0.51,368.42,49016,54.5,-4.32,75.8,-0.51,Mid_I,Mid_D
Iowa,IA,2010,-1.02,364.64,50219,54.5,-4.32,75.8,-1.02,Mid_I,Mid_D
Iowa,IA,2011,-0.58,362.53,53442,54.5,-4.32,75.8,-0.58,Mid_I,Mid_D
Iowa,IA,2012,0.46,364.18,54855,54.5,-4.32,75.8,0.46,Mid_I,Mid_D
Iowa,IA,2013,1.32,369,60156,54.5,-4.32,75.8,1.32,Mid_I,Mid_D
Iowa,IA,2014,2.36,377.72,57810,54.5,-4.32,75.8,2.36,Mid_I,Mid_D
Iowa,IA,2015,2.63,387.66,60855,54.5,-4.32,75.8,2.63,Mid_I,Mid_D
Iowa,IA,2016,3.42,400.93,59094,54.5,-4.32,75.8,3.42,Mid_I,Mid_D
Kansas,KS,2009,-1.2,345.92,46054,34.9,-4.6000000000000005,92.4,-1.2,Mid_I,Low_D
Kansas,KS,2010,-1.13,341.99,46147,34.9,-4.6000000000000005,92.4,-1.13,Mid_I,Low_D
Kansas,KS,2011,-1.72,336.12,50003,34.9,-4.6000000000000005,92.4,-1.72,Mid_I,Low_D
Kansas,KS,2012,-0.48,334.49,51485,34.9,-4.6000000000000005,92.4,-0.48,Mid_I,Low_D
Kansas,KS,2013,0.92,337.58,47820,34.9,-4.6000000000000005,92.4,0.92,Mid_I,Low_D
Kansas,KS,2014,2.8,347.04,53444,34.9,-4.6000000000000005,92.4,2.8,Mid_I,Low_D
Kansas,KS,2015,3.07,357.7,54865,34.9,-4.6000000000000005,92.4,3.07,Mid_I,Low_D
Kansas,KS,2016,3.99,371.97,56810,34.9,-4.6000000000000005,92.4,3.99,Mid_I,Low_D
Kentucky,KY,2009,-1.49,403.03,41104,109.9,-4.59,89.3,-1.49,Low_I,Mid_D
Kentucky,KY,2010,-1.36,397.53,39856,109.9,-4.59,89.3,-1.36,Low_I,Mid_D
Kentucky,KY,2011,-1.51,391.53,41086,109.9,-4.59,89.3,-1.51,Low_I,Mid_D
Kentucky,KY,2012,-0.09,391.18,42158,109.9,-4.59,89.3,-0.09,Low_I,Mid_D
Kentucky,KY,2013,0.57,393.41,44879,109.9,-4.59,89.3,0.57,Low_I,Mid_D
Kentucky,KY,2014,1.72,400.16,42786,109.9,-4.59,89.3,1.72,Low_I,Mid_D
Kentucky,KY,2015,2.92,411.86,42387,109.9,-4.59,89.3,2.92,Low_I,Mid_D
Kentucky,KY,2016,3.81,427.56,45369,109.9,-4.59,89.3,3.81,Low_I,Mid_D
Louisiana,LA,2009,-1.31,414.96,39300,104.9,-6.3100000000000005,82.8,-1.31,Low_I,Mid_D
Louisiana,LA,2010,-1.58,408.39,40658,104.9,-6.3100000000000005,82.8,-1.58,Low_I,Mid_D
Louisiana,LA,2011,-1.2,403.5,39085,104.9,-6.3100000000000005,82.8,-1.2,Low_I,Mid_D
Louisiana,LA,2012,0.56,405.75,39622,104.9,-6.3100000000000005,82.8,0.56,Low_I,Mid_D
Louisiana,LA,2013,1.27,410.89,46425,104.9,-6.3100000000000005,82.8,1.27,Low_I,Mid_D
Louisiana,LA,2014,2.63,421.7,42406,104.9,-6.3100000000000005,82.8,2.63,Low_I,Mid_D
Louisiana,LA,2015,3.12,434.85,45922,104.9,-6.3100000000000005,82.8,3.12,Low_I,Mid_D
Louisiana,LA,2016,3.16,448.58,42196,104.9,-6.3100000000000005,82.8,3.16,Low_I,Mid_D
Maine,ME,2009,-5.5,558.21,47931,43.1,-12.34,90.3,-5.5,Mid_I,Low_D
Maine,ME,2010,-3.94,536.21,49693,43.1,-12.34,90.3,-3.94,Mid_I,Low_D
Maine,ME,2011,-1.92,525.94,49158,43.1,-12.34,90.3,-1.92,Mid_I,Low_D
Maine,ME,2012,-2.32,513.73,50121,43.1,-12.34,90.3,-2.32,Mid_I,Low_D
Maine,ME,2013,0.75,517.59,54957,43.1,-12.34,90.3,0.75,Mid_I,Low_D
Maine,ME,2014,1.76,526.67,51710,43.1,-12.34,90.3,1.76,Mid_I,Low_D
Maine,ME,2015,2.49,539.81,50756,43.1,-12.34,90.3,2.49,Low_I,Low_D
Maine,ME,2016,3.55,558.96,50856,43.1,-12.34,90.3,3.55,Low_I,Low_D
Maryland,MD,2009,-10.93,635.5,64201,594.8,-27.54,87.8,-10.93,High_I,High_D
Maryland,MD,2010,-5.27,601.98,68876,594.8,-27.54,87.8,-5.27,High_I,High_D
Maryland,MD,2011,-4.02,577.76,71836,594.8,-27.54,87.8,-4.02,High_I,High_D
Maryland,MD,2012,-1.7,567.94,65262,594.8,-27.54,87.8,-1.7,High_I,High_D
Maryland,MD,2013,1.61,577.11,69353,594.8,-27.54,87.8,1.61,High_I,High_D
Maryland,MD,2014,3.33,596.35,76165,594.8,-27.54,87.8,3.33,High_I,High_D
Maryland,MD,2015,2.23,609.62,73594,594.8,-27.54,87.8,2.23,High_I,High_D
Maryland,MD,2016,2.61,625.54,73760,594.8,-27.54,87.8,2.61,High_I,High_D
Massachusetts,MA,2009,-5.84,775.68,60934,839.4,-14.579999999999998,89.2,-5.84,High_I,High_D
Massachusetts,MA,2010,-2.38,757.25,63313,839.4,-14.579999999999998,89.2,-2.38,High_I,High_D
Massachusetts,MA,2011,-2.32,739.68,63656,839.4,-14.579999999999998,89.2,-2.32,High_I,High_D
Massachusetts,MA,2012,-1.22,730.68,62963,839.4,-14.579999999999998,89.2,-1.22,High_I,High_D
Massachusetts,MA,2013,1.87,744.37,62529,839.4,-14.579999999999998,89.2,1.87,High_I,High_D
Massachusetts,MA,2014,5.25,783.45,63151,839.4,-14.579999999999998,89.2,5.25,High_I,High_D
Massachusetts,MA,2015,3.58,811.48,67861,839.4,-14.579999999999998,89.2,3.58,High_I,High_D
Massachusetts,MA,2016,4.91,851.29,72266,839.4,-14.579999999999998,89.2,4.91,High_I,High_D
Michigan,MI,2009,-8.13,375.86,46276,174.8,-10.24,90.7,-8.13,Mid_I,Mid_D
Michigan,MI,2010,-7.8,346.55,48879,174.8,-10.24,90.7,-7.8,Mid_I,Mid_D
Michigan,MI,2011,-3.83,333.3,50015,174.8,-10.24,90.7,-3.83,Mid_I,Mid_D
Michigan,MI,2012,-0.65,331.14,48801,174.8,-10.24,90.7,-0.65,Mid_I,Mid_D
Michigan,MI,2013,5.57,349.58,56567,174.8,-10.24,90.7,5.57,Mid_I,Mid_D
Michigan,MI,2014,8,377.54,52005,174.8,-10.24,90.7,8,Mid_I,Mid_D
Michigan,MI,2015,4.86,395.89,54203,174.8,-10.24,90.7,4.86,Mid_I,Mid_D
Michigan,MI,2016,5.29,416.81,57091,174.8,-10.24,90.7,5.29,Mid_I,Mid_D
Minnesota,MN,2009,-6.14,509.14,52321,66.6,-12.54,94,-6.14,Mid_I,Mid_D
Minnesota,MN,2010,-6.06,478.27,57820,66.6,-12.54,94,-6.06,High_I,Mid_D
Minnesota,MN,2011,-5.34,452.74,61795,66.6,-12.54,94,-5.34,High_I,Mid_D
Minnesota,MN,2012,-1.48,446.03,60907,66.6,-12.54,94,-1.48,High_I,Mid_D
Minnesota,MN,2013,3.99,463.85,64324,66.6,-12.54,94,3.99,High_I,Mid_D
Minnesota,MN,2014,5.71,490.34,67244,66.6,-12.54,94,5.71,High_I,Mid_D
Minnesota,MN,2015,3.31,506.56,68730,66.6,-12.54,94,3.31,High_I,Mid_D
Minnesota,MN,2016,4.62,529.96,70218,66.6,-12.54,94,4.62,High_I,Mid_D
Mississippi,MS,2009,-2.84,317.89,38160,63.2,-5.67,86.3,-2.84,Low_I,Mid_D
Mississippi,MS,2010,-3.61,306.41,41090,63.2,-5.67,86.3,-3.61,Low_I,Mid_D
Mississippi,MS,2011,-2.07,300.07,36641,63.2,-5.67,86.3,-2.07,Low_I,Mid_D
Mississippi,MS,2012,-0.71,297.92,40850,63.2,-5.67,86.3,-0.71,Low_I,Mid_D
Mississippi,MS,2013,-0.26,297.14,32338,63.2,-5.67,86.3,-0.26,Low_I,Mid_D
Mississippi,MS,2014,1.69,302.17,35521,63.2,-5.67,86.3,1.69,Low_I,Mid_D
Mississippi,MS,2015,2.45,309.56,40037,63.2,-5.67,86.3,2.45,Low_I,Mid_D
Mississippi,MS,2016,2.57,317.51,41099,63.2,-5.67,86.3,2.57,Low_I,Mid_D
Missouri,MO,2009,-3.31,388.52,45817,87.1,-8.04,96.8,-3.31,Mid_I,Mid_D
Missouri,MO,2010,-3.55,374.74,45774,87.1,-8.04,96.8,-3.55,Mid_I,Mid_D
Missouri,MO,2011,-3.15,362.94,49764,87.1,-8.04,96.8,-3.15,Mid_I,Mid_D
Missouri,MO,2012,-1.17,358.69,50311,87.1,-8.04,96.8,-1.17,Mid_I,Mid_D
Missouri,MO,2013,0.35,359.95,46303,87.1,-8.04,96.8,0.35,Low_I,Mid_D
Missouri,MO,2014,2.57,369.21,56630,87.1,-8.04,96.8,2.57,Mid_I,Mid_D
Missouri,MO,2015,3.38,381.68,59196,87.1,-8.04,96.8,3.38,Mid_I,Mid_D
Missouri,MO,2016,4.11,397.36,55016,87.1,-8.04,96.8,4.11,Mid_I,Mid_D
Montana,MT,2009,-2.75,590.91,41280,6.8,-11.16,82.1,-2.75,Low_I,Low_D
Montana,MT,2010,-4.75,562.86,40277,6.8,-11.16,82.1,-4.75,Low_I,Low_D
Montana,MT,2011,-3.02,545.85,45088,6.8,-11.16,82.1,-3.02,Low_I,Low_D
Montana,MT,2012,0.89,550.72,44132,6.8,-11.16,82.1,0.89,Low_I,Low_D
Montana,MT,2013,3.44,569.65,43201,6.8,-11.16,82.1,3.44,Low_I,Low_D
Montana,MT,2014,4.77,596.82,51102,6.8,-11.16,82.1,4.77,Mid_I,Low_D
Montana,MT,2015,3.54,617.96,51395,6.8,-11.16,82.1,3.54,Mid_I,Low_D
Montana,MT,2016,3.42,639.11,57075,6.8,-11.16,82.1,3.42,Mid_I,Low_D
Nebraska,NE,2009,-0.74,371.2,52504,23.8,-4.99,73,-0.74,Mid_I,Low_D
Nebraska,NE,2010,-0.91,367.84,55616,23.8,-4.99,73,-0.91,High_I,Low_D
Nebraska,NE,2011,-0.48,366.08,52196,23.8,-4.99,73,-0.48,Mid_I,Low_D
Nebraska,NE,2012,0.62,368.37,53774,23.8,-4.99,73,0.62,Mid_I,Low_D
Nebraska,NE,2013,2.35,377.01,57623,23.8,-4.99,73,2.35,Mid_I,Low_D
Nebraska,NE,2014,3.8,391.33,56870,23.8,-4.99,73,3.8,Mid_I,Low_D
Nebraska,NE,2015,3.91,406.63,60474,23.8,-4.99,73,3.91,Mid_I,Low_D
Nebraska,NE,2016,4.19,423.69,59374,23.8,-4.99,73,4.19,Mid_I,Low_D
Nevada,NV,2009,-23.21,442.85,51200,24.6,-42.86,67.5,-23.21,Mid_I,Low_D
Nevada,NV,2010,-14.22,379.88,47043,24.6,-42.86,67.5,-14.22,Mid_I,Low_D
Nevada,NV,2011,-12.05,334.09,47333,24.6,-42.86,67.5,-12.05,Mid_I,Low_D
Nevada,NV,2012,-1.07,330.52,45369,24.6,-42.86,67.5,-1.07,Low_I,Low_D
Nevada,NV,2013,15.05,380.26,51846,24.6,-42.86,67.5,15.05,Mid_I,Low_D
Nevada,NV,2014,17.51,446.85,49875,24.6,-42.86,67.5,17.51,Mid_I,Low_D
Nevada,NV,2015,9.71,490.23,52008,24.6,-42.86,67.5,9.71,Mid_I,Low_D
Nevada,NV,2016,9.35,536.09,55431,24.6,-42.86,67.5,9.35,Mid_I,Low_D
New Hampshire,NH,2009,-7.46,588.23,66633,147,-14.540000000000001,94.5,-7.46,High_I,Mid_D
New Hampshire,NH,2010,-4.3,562.96,65880,147,-14.540000000000001,94.5,-4.3,High_I,Mid_D
New Hampshire,NH,2011,-3.21,544.91,67819,147,-14.540000000000001,94.5,-3.21,High_I,Mid_D
New Hampshire,NH,2012,-2.42,531.74,71322,147,-14.540000000000001,94.5,-2.42,High_I,Mid_D
New Hampshire,NH,2013,0.73,535.61,69099,147,-14.540000000000001,94.5,0.73,High_I,Mid_D
New Hampshire,NH,2014,3.91,556.55,73397,147,-14.540000000000001,94.5,3.91,High_I,Mid_D
New Hampshire,NH,2015,3.56,576.37,75675,147,-14.540000000000001,94.5,3.56,High_I,Mid_D
New Hampshire,NH,2016,3.92,598.96,76260,147,-14.540000000000001,94.5,3.92,High_I,Mid_D
New Jersey,NJ,2009,-8.21,715.02,62968,1195.5,-20.49,93.8,-8.21,High_I,High_D
New Jersey,NJ,2010,-3.83,687.61,62338,1195.5,-20.49,93.8,-3.83,High_I,High_D
New Jersey,NJ,2011,-4.19,658.84,66692,1195.5,-20.49,93.8,-4.19,High_I,High_D
New Jersey,NJ,2012,-3.49,635.81,61782,1195.5,-20.49,93.8,-3.49,High_I,High_D
New Jersey,NJ,2013,0.38,638.23,63754,1195.5,-20.49,93.8,0.38,High_I,High_D
New Jersey,NJ,2014,2.88,656.62,65243,1195.5,-20.49,93.8,2.88,High_I,High_D
New Jersey,NJ,2015,2.28,671.59,68357,1195.5,-20.49,93.8,2.28,High_I,High_D
New Jersey,NJ,2016,2.36,687.45,68468,1195.5,-20.49,93.8,2.36,High_I,High_D
New Mexico,NM,2009,-4.97,498.59,45134,17,-13.01,60.1,-4.97,Mid_I,Low_D
New Mexico,NM,2010,-4.2,477.64,41982,17,-13.01,60.1,-4.2,Low_I,Low_D
New Mexico,NM,2011,-4.28,457.17,43424,17,-13.01,60.1,-4.28,Low_I,Low_D
New Mexico,NM,2012,-2.79,444.39,42127,17,-13.01,60.1,-2.79,Low_I,Low_D
New Mexico,NM,2013,0.98,448.75,40166,17,-13.01,60.1,0.98,Low_I,Low_D
New Mexico,NM,2014,1.2,454.12,46686,17,-13.01,60.1,1.2,Low_I,Low_D
New Mexico,NM,2015,1.68,461.76,45119,17,-13.01,60.1,1.68,Low_I,Low_D
New Mexico,NM,2016,2.78,474.61,48451,17,-13.01,60.1,2.78,Low_I,Low_D
New York,NY,2009,-5.56,627.76,49781,411.2,-15.56,79.1,-5.56,Mid_I,High_D
New York,NY,2010,-2.95,609.23,50636,411.2,-15.56,79.1,-2.95,Mid_I,High_D
New York,NY,2011,-2.32,595.09,47680,411.2,-15.56,79.1,-2.32,Mid_I,High_D
New York,NY,2012,-2.34,581.18,53843,411.2,-15.56,79.1,-2.34,Mid_I,High_D
New York,NY,2013,0.76,585.62,49966,411.2,-15.56,79.1,0.76,Mid_I,High_D
New York,NY,2014,2.54,600.48,54310,411.2,-15.56,79.1,2.54,Mid_I,High_D
New York,NY,2015,2.83,617.47,58005,411.2,-15.56,79.1,2.83,Mid_I,High_D
New York,NY,2016,3.27,637.65,61437,411.2,-15.56,79.1,3.27,Mid_I,High_D
North Carolina,NC,2009,-2.94,432.2,43830,196.1,-5.16,93.5,-2.94,Low_I,Mid_D
North Carolina,NC,2010,-5.31,409.25,45206,196.1,-5.16,93.5,-5.31,Mid_I,Mid_D
North Carolina,NC,2011,-3.74,393.96,41553,196.1,-5.16,93.5,-3.74,Low_I,Mid_D
North Carolina,NC,2012,-2.51,384.07,41208,196.1,-5.16,93.5,-2.51,Low_I,Mid_D
North Carolina,NC,2013,0.85,387.33,46337,196.1,-5.16,93.5,0.85,Low_I,Mid_D
North Carolina,NC,2014,2.56,397.25,46784,196.1,-5.16,93.5,2.56,Low_I,Mid_D
North Carolina,NC,2015,3.78,412.27,50797,196.1,-5.16,93.5,3.78,Mid_I,Mid_D
North Carolina,NC,2016,4.57,431.12,53764,196.1,-5.16,93.5,4.57,Low_I,Mid_D
North Dakota,ND,2009,1.03,370.29,51006,9.7,-5.66,49,1.03,Mid_I,Low_D
North Dakota,ND,2010,1.33,375.2,56361,9.7,-5.66,49,1.33,High_I,Low_D
North Dakota,ND,2011,3.21,387.24,55766,9.7,-5.66,49,3.21,Mid_I,Low_D
North Dakota,ND,2012,5.28,407.67,52888,9.7,-5.66,49,5.28,Mid_I,Low_D
North Dakota,ND,2013,8.42,442.01,59152,9.7,-5.66,49,8.42,Mid_I,Low_D
North Dakota,ND,2014,7.75,476.28,60730,9.7,-5.66,49,7.75,High_I,Low_D
North Dakota,ND,2015,4.45,497.49,57415,9.7,-5.66,49,4.45,Mid_I,Low_D
North Dakota,ND,2016,2.35,509.18,60184,9.7,-5.66,49,2.35,Mid_I,Low_D
Ohio,OH,2009,-3.12,349.7,45886,282.3,-5.880000000000001,93.6,-3.12,Mid_I,High_D
Ohio,OH,2010,-3.43,337.72,44648,282.3,-5.880000000000001,93.6,-3.43,Low_I,High_D
Ohio,OH,2011,-3.65,325.37,44375,282.3,-5.880000000000001,93.6,-3.65,Low_I,High_D
Ohio,OH,2012,-1.65,320.02,46398,282.3,-5.880000000000001,93.6,-1.65,Mid_I,High_D
Ohio,OH,2013,0.27,320.89,50748,282.3,-5.880000000000001,93.6,0.27,Mid_I,High_D
Ohio,OH,2014,3.33,331.58,49644,282.3,-5.880000000000001,93.6,3.33,Mid_I,High_D
Ohio,OH,2015,3.46,343.05,53301,282.3,-5.880000000000001,93.6,3.46,Mid_I,High_D
Ohio,OH,2016,3.88,356.35,53985,282.3,-5.880000000000001,93.6,3.88,Mid_I,High_D
Oklahoma,OK,2009,-0.15,357.66,43103,54.7,-3.1899999999999995,47.7,-0.15,Low_I,Mid_D
Oklahoma,OK,2010,-0.64,355.38,48455,54.7,-3.1899999999999995,47.7,-0.64,Mid_I,Mid_D
Oklahoma,OK,2011,-1.62,349.61,48407,54.7,-3.1899999999999995,47.7,-1.62,Mid_I,Mid_D
Oklahoma,OK,2012,0.91,352.77,43777,54.7,-3.1899999999999995,47.7,0.91,Low_I,Mid_D
Oklahoma,OK,2013,1.67,358.66,46162,54.7,-3.1899999999999995,47.7,1.67,Low_I,Mid_D
Oklahoma,OK,2014,3.17,370.02,47199,54.7,-3.1899999999999995,47.7,3.17,Low_I,Mid_D
Oklahoma,OK,2015,3.55,383.15,47077,54.7,-3.1899999999999995,47.7,3.55,Low_I,Mid_D
Oklahoma,OK,2016,2.39,392.29,50943,54.7,-3.1899999999999995,47.7,2.39,Low_I,Mid_D
Oregon,OR,2009,-9.74,670.62,50602,39.9,-19.17,93.4,-9.74,Mid_I,Low_D
Oregon,OR,2010,-8.1,616.27,51526,39.9,-19.17,93.4,-8.1,Mid_I,Low_D
Oregon,OR,2011,-6.81,574.29,51775,39.9,-19.17,93.4,-6.81,Mid_I,Low_D
Oregon,OR,2012,-1.5,565.68,56307,39.9,-19.17,93.4,-1.5,Mid_I,Low_D
Oregon,OR,2013,6.15,600.47,48999,39.9,-19.17,93.4,6.15,Mid_I,Low_D
Oregon,OR,2014,9.55,657.83,58875,39.9,-19.17,93.4,9.55,Mid_I,Low_D
Oregon,OR,2015,7.78,708.98,60834,39.9,-19.17,93.4,7.78,Mid_I,Low_D
Oregon,OR,2016,10.85,785.87,59135,39.9,-19.17,93.4,10.85,Mid_I,Low_D
Pennsylvania,PA,2009,-3.28,477.79,48314,283.9,-12.15,95.7,-3.28,Mid_I,High_D
Pennsylvania,PA,2010,-2.52,465.75,49910,283.9,-12.15,95.7,-2.52,Mid_I,High_D
Pennsylvania,PA,2011,-2.39,454.6,51904,283.9,-12.15,95.7,-2.39,Mid_I,High_D
Pennsylvania,PA,2012,-1.73,446.75,53952,283.9,-12.15,95.7,-1.73,Mid_I,High_D
Pennsylvania,PA,2013,0.78,450.22,55156,283.9,-12.15,95.7,0.78,Mid_I,High_D
Pennsylvania,PA,2014,1.96,459.02,55173,283.9,-12.15,95.7,1.96,Mid_I,High_D
Pennsylvania,PA,2015,2.19,469.07,60389,283.9,-12.15,95.7,2.19,Mid_I,High_D
Pennsylvania,PA,2016,2.5,480.8,60979,283.9,-12.15,95.7,2.5,Mid_I,High_D
Rhode Island,RI,2009,-9.53,679.04,51623,1018.1,-21.34,88.7,-9.53,Mid_I,High_D
Rhode Island,RI,2010,-4.45,648.85,49033,1018.1,-21.34,88.7,-4.45,Mid_I,High_D
Rhode Island,RI,2011,-4.63,618.8,56065,1018.1,-21.34,88.7,-4.63,Mid_I,High_D
Rhode Island,RI,2012,-3.69,595.99,57812,1018.1,-21.34,88.7,-3.69,Mid_I,High_D
Rhode Island,RI,2013,-0.15,595.07,56323,1018.1,-21.34,88.7,-0.15,Mid_I,High_D
Rhode Island,RI,2014,3.08,613.41,58633,1018.1,-21.34,88.7,3.08,Mid_I,High_D
Rhode Island,RI,2015,4.44,640.64,55701,1018.1,-21.34,88.7,4.44,Mid_I,High_D
Rhode Island,RI,2016,4.76,671.12,61528,1018.1,-21.34,88.7,4.76,Mid_I,High_D
South Carolina,SC,2009,-2.91,411.21,41698,153.9,-6.62,89.6,-2.91,Low_I,Mid_D
South Carolina,SC,2010,-5.42,388.92,40084,153.9,-6.62,89.6,-5.42,Low_I,Mid_D
South Carolina,SC,2011,-3.96,373.5,44401,153.9,-6.62,89.6,-3.96,Low_I,Mid_D
South Carolina,SC,2012,-2.02,365.95,43749,153.9,-6.62,89.6,-2.02,Low_I,Mid_D
South Carolina,SC,2013,0.58,368.09,43563,153.9,-6.62,89.6,0.58,Low_I,Mid_D
South Carolina,SC,2014,2.93,378.86,44929,153.9,-6.62,89.6,2.93,Low_I,Mid_D
South Carolina,SC,2015,4.41,395.56,46360,153.9,-6.62,89.6,4.41,Low_I,Mid_D
South Carolina,SC,2016,4.69,414.13,54336,153.9,-6.62,89.6,4.69,Mid_I,Mid_D
South Dakota,SD,2009,-0.07,410.06,45352,10.7,-4.61,60.7,-0.07,Mid_I,Low_D
South Dakota,SD,2010,-1.24,404.99,47223,10.7,-4.61,60.7,-1.24,Mid_I,Low_D
South Dakota,SD,2011,-0.15,404.4,49415,10.7,-4.61,60.7,-0.15,Mid_I,Low_D
South Dakota,SD,2012,1.1,408.83,54453,10.7,-4.61,60.7,1.1,Mid_I,Low_D
South Dakota,SD,2013,3.06,421.36,53413,10.7,-4.61,60.7,3.06,Mid_I,Low_D
South Dakota,SD,2014,3.34,435.42,53053,10.7,-4.61,60.7,3.34,Mid_I,Low_D
South Dakota,SD,2015,3.46,450.48,55065,10.7,-4.61,60.7,3.46,Mid_I,Low_D
South Dakota,SD,2016,4.49,470.68,57450,10.7,-4.61,60.7,4.49,Mid_I,Low_D
Tennessee,TN,2009,-2.44,390.62,38591,153.9,-6.22,92.1,-2.44,Low_I,Mid_D
Tennessee,TN,2010,-3.5,376.93,42279,153.9,-6.22,92.1,-3.5,Low_I,Mid_D
Tennessee,TN,2011,-2.65,366.95,42995,153.9,-6.22,92.1,-2.65,Low_I,Mid_D
Tennessee,TN,2012,-1.03,363.17,42499,153.9,-6.22,92.1,-1.03,Low_I,Mid_D
Tennessee,TN,2013,1.53,368.74,43361,153.9,-6.22,92.1,1.53,Low_I,Mid_D
Tennessee,TN,2014,4.14,384,43716,153.9,-6.22,92.1,4.14,Low_I,Mid_D
Tennessee,TN,2015,4.28,400.43,47330,153.9,-6.22,92.1,4.28,Low_I,Mid_D
Tennessee,TN,2016,5.54,422.62,51344,153.9,-6.22,92.1,5.54,Low_I,Mid_D
Texas,TX,2009,-0.42,358,47266,96.3,-2.9800000000000004,73.6,-0.42,Mid_I,Mid_D
Texas,TX,2010,-1.41,352.97,49047,96.3,-2.9800000000000004,73.6,-1.41,Mid_I,Mid_D
Texas,TX,2011,-1.35,348.2,51926,96.3,-2.9800000000000004,73.6,-1.35,Mid_I,Mid_D
Texas,TX,2012,0.88,351.26,53027,96.3,-2.9800000000000004,73.6,0.88,Mid_I,Mid_D
Texas,TX,2013,4.11,365.69,51406,96.3,-2.9800000000000004,73.6,4.11,Mid_I,Mid_D
Texas,TX,2014,7.54,393.28,53875,96.3,-2.9800000000000004,73.6,7.54,Mid_I,Mid_D
Texas,TX,2015,6.64,419.39,56473,96.3,-2.9800000000000004,73.6,6.64,Mid_I,Mid_D
Texas,TX,2016,6.9,448.32,58146,96.3,-2.9800000000000004,73.6,6.9,Mid_I,Mid_D
Utah,UT,2009,-8.54,559.62,56701,33.6,-10.31,97.1,-8.54,High_I,Low_D
Utah,UT,2010,-7.47,517.82,55493,33.6,-10.31,97.1,-7.47,Mid_I,Low_D
Utah,UT,2011,-5.4,489.86,58341,33.6,-10.31,97.1,-5.4,High_I,Low_D
Utah,UT,2012,0.89,494.2,62967,33.6,-10.31,97.1,0.89,High_I,Low_D
Utah,UT,2013,6.47,526.18,61047,33.6,-10.31,97.1,6.47,Mid_I,Low_D
Utah,UT,2014,6.81,562.01,63383,33.6,-10.31,97.1,6.81,High_I,Low_D
Utah,UT,2015,4.7,588.43,66258,33.6,-10.31,97.1,4.7,High_I,Low_D
Utah,UT,2016,7.46,632.34,67481,33.6,-10.31,97.1,7.46,High_I,Low_D
Vermont,VT,2009,-3.1,554.91,55928,67.9,-13.98,89.2,-3.1,High_I,Mid_D
Vermont,VT,2010,-1.8,544.9,51862,67.9,-13.98,89.2,-1.8,Mid_I,Mid_D
Vermont,VT,2011,-1.07,539.08,55582,67.9,-13.98,89.2,-1.07,Mid_I,Mid_D
Vermont,VT,2012,-0.63,535.67,54842,67.9,-13.98,89.2,-0.63,Mid_I,Mid_D
Vermont,VT,2013,-0.35,533.8,65513,67.9,-13.98,89.2,-0.35,High_I,Mid_D
Vermont,VT,2014,0.32,535.5,60708,67.9,-13.98,89.2,0.32,Mid_I,Mid_D
Vermont,VT,2015,1.54,543.76,59494,67.9,-13.98,89.2,1.54,Mid_I,Mid_D
Vermont,VT,2016,1.12,549.85,60837,67.9,-13.98,89.2,1.12,Mid_I,Mid_D
Virginia,VA,2009,-6.57,563.16,60367,202.6,-23.49,88.2,-6.57,High_I,Mid_D
Virginia,VA,2010,-4.26,539.16,62616,202.6,-23.49,88.2,-4.26,High_I,Mid_D
Virginia,VA,2011,-2.85,523.79,64632,202.6,-23.49,88.2,-2.85,High_I,Mid_D
Virginia,VA,2012,-1.16,517.73,67620,202.6,-23.49,88.2,-1.16,High_I,Mid_D
Virginia,VA,2013,1.3,524.49,65907,202.6,-23.49,88.2,1.3,High_I,Mid_D
Virginia,VA,2014,3.08,540.64,66155,202.6,-23.49,88.2,3.08,High_I,Mid_D
Virginia,VA,2015,2.43,553.77,61486,202.6,-23.49,88.2,2.43,Mid_I,Mid_D
Virginia,VA,2016,2.29,566.44,66451,202.6,-23.49,88.2,2.29,Mid_I,Mid_D
Washington,WA,2009,-9.51,783.83,56163,101.2,-18.1,83.9,-9.51,High_I,Mid_D
Washington,WA,2010,-7.74,723.19,56850,101.2,-18.1,83.9,-7.74,High_I,Mid_D
Washington,WA,2011,-6.47,676.38,62187,101.2,-18.1,83.9,-6.47,High_I,Mid_D
Washington,WA,2012,-2.44,659.84,60106,101.2,-18.1,83.9,-2.44,High_I,Mid_D
Washington,WA,2013,4.8,691.55,63922,101.2,-18.1,83.9,4.8,High_I,Mid_D
Washington,WA,2014,8.06,747.31,59068,101.2,-18.1,83.9,8.06,Mid_I,Mid_D
Washington,WA,2015,7.14,800.7,67243,101.2,-18.1,83.9,7.14,High_I,Mid_D
Washington,WA,2016,10.63,885.81,70310,101.2,-18.1,83.9,10.63,High_I,Mid_D
West Virginia,WV,2009,-3.02,295.84,42777,77.1,-9.73,64.1,-3.02,Low_I,Mid_D
West Virginia,WV,2010,-1.83,290.41,41821,77.1,-9.73,64.1,-1.83,Low_I,Mid_D
West Virginia,WV,2011,-1.56,285.87,43553,77.1,-9.73,64.1,-1.56,Low_I,Mid_D
West Virginia,WV,2012,-0.7,283.88,40241,77.1,-9.73,64.1,-0.7,Low_I,Mid_D
West Virginia,WV,2013,1.37,287.78,43069,77.1,-9.73,64.1,1.37,Low_I,Mid_D
West Virginia,WV,2014,2.57,295.18,39552,77.1,-9.73,64.1,2.57,Low_I,Mid_D
West Virginia,WV,2015,1.76,300.37,42824,77.1,-9.73,64.1,1.76,Low_I,Mid_D
West Virginia,WV,2016,1.96,306.25,44354,77.1,-9.73,64.1,1.96,Low_I,Mid_D
Wisconsin,WI,2009,-3.8,445.87,50351,105,-9.42,91,-3.8,Mid_I,Mid_D
Wisconsin,WI,2010,-4.16,427.34,52058,105,-9.42,91,-4.16,Mid_I,Mid_D
Wisconsin,WI,2011,-3.23,413.54,53079,105,-9.42,91,-3.23,Mid_I,Mid_D
Wisconsin,WI,2012,-1.73,406.41,55258,105,-9.42,91,-1.73,Mid_I,Mid_D
Wisconsin,WI,2013,-0.18,405.66,51726,105,-9.42,91,-0.18,Mid_I,Mid_D
Wisconsin,WI,2014,1.69,412.53,58080,105,-9.42,91,1.69,Mid_I,Mid_D
Wisconsin,WI,2015,2.78,424.01,55425,105,-9.42,91,2.78,Mid_I,Mid_D
Wisconsin,WI,2016,4,440.97,59817,105,-9.42,91,4,Mid_I,Mid_D
Wyoming,WY,2009,-2.41,519.94,52201,5.8,-9.44,32,-2.41,Mid_I,Low_D
Wyoming,WY,2010,-3.54,501.53,54509,5.8,-9.44,32,-3.54,Mid_I,Low_D
Wyoming,WY,2011,-1.57,493.65,57512,5.8,-9.44,32,-1.57,High_I,Low_D
Wyoming,WY,2012,1.02,498.68,55700,5.8,-9.44,32,1.02,Mid_I,Low_D
Wyoming,WY,2013,2.23,509.81,67441,5.8,-9.44,32,2.23,High_I,Low_D
Wyoming,WY,2014,3.43,527.32,55690,5.8,-9.44,32,3.43,Mid_I,Low_D
Wyoming,WY,2015,3.09,543.64,60925,5.8,-9.44,32,3.09,Mid_I,Low_D
Wyoming,WY,2016,1.91,554,57829,5.8,-9.44,32,1.91,Mid_I,Low_D
